{
    "greyscale": false,
    "flip": true,
    "rgb": true,
    "installDependencies": false,
    "showOutput": false,
    "calibrateThresholds": false,
    "calibrationTime": 8,
    "digitThresholds": {
        "fingerBent": -0.0008943360593384058,
        "fingerStraight": 0.0006939431531587855,
        "thumbBent": 0.0009352088134821759,
        "thumbStraight": 0.0004716817345320989
    }
}